/* Create the database */
CREATE DATABASE  IF NOT EXISTS northwind;

/* Switch to the northwind database */
USE northwind;

/* Drop existing tables  */
DROP TABLE IF EXISTS customers;
DROP TABLE IF EXISTS region;
DROP TABLE IF EXISTS employee;
DROP TABLE IF EXISTS supplier;
DROP TABLE IF EXISTS category;
DROP TABLE IF EXISTS product;
DROP TABLE IF EXISTS product_order;
DROP TABLE IF EXISTS product_order_detail;
DROP TABLE IF EXISTS sales_order;
DROP TABLE IF EXISTS sales_order_detail;

/* Create the tables */
CREATE TABLE region(
id int primary key auto_increment,
region_name varchar(20)
);
/* Inserting data  */
INSERT INTO region(id, region_name) VALUES
(1,'경인'),
(2,'중부'),
(3,'호남'),
(4,'영남');

/* Create the tables */
CREATE TABLE category(
id int primary key auto_increment,
category_name varchar(20)
);
/* Inserting data  */
INSERT INTO category(id, category_name) VALUES
(1,'음료'),
(2,'조미료'),
(3,'가공식품'),
(4,'육류'),
(5,'과자류'),
(6,'해산물'),
(7,'곡류'),
(8,'유제품'),
(9,'시리얼'),
(10,'스낵류');

/* Create the tables */
CREATE TABLE customers(
id int primary key auto_increment,
customer_name varchar(20),
name varchar(5),
position varchar(10),
office_tel varchar(20),
fax varchar(20),
address varchar(100),
city varchar(10),
region varchar(10),
zip_code varchar(10)
);
/* Inserting data  */
INSERT INTO customers(id, customer_name, name, position, office_tel, fax, address, city, region, zip_code) VALUES
(1,'신영상사㈜','한석규','영업 사원','(051)575-5776','(051)575-5876','가장동 78-3','상주시','경상북도','742-170'),
(2,'원창㈜','황영순','대표 이사','(02)681-6889','(02)681-6869','서초구 방배동 883-11','서울특별시','','137-060'),
(3,'동광통상㈜','조자룡','대표 이사','(02)989-9889','(02)989-9489','강서구 내발산동 318','서울특별시','','157-280'),
(4,'경성트레이딩㈜','구재석','영업 사원','(031)76-4568','(031)76-4768','남구 연수동 208-16','인천광역시','','402-110'),
(5,'정금상사㈜','최영희','영업 과장','(041)92-3778','(041)92-3878','서구 도마동 110-6','대전광역시','','302-160'),
(6,'협우상사㈜','손미선','영업 사원','(02)211-1234','(02)211-1834','서대문구 남가좌 1동 121','서울특별시','','120-121'),
(7,'베네디스유통㈜','장선희','마케팅2 과장','(02)111-2954','(02)111-2054','영등포구 당산동 3가 16','서울특별시','','150-043'),
(8,'삼화상사㈜','정영일','대표 이사','(051)4-1945','(051)4-1925','부산진구 당감 3동 611-3','부산광역시','','614-103'),
(9,'서주무역㈜','문익한','대표 이사','(02)497-4896','(02)497-4596','용산구 갈월동 116-7','서울특별시','','140-150'),
(10,'태강교역㈜','문흥미','경리 과장','(051)45-9483','(051)45-9473','사하구 신평동 701-29','부산광역시','','604-030'),
(11,'월드링크㈜','이강주','영업 사원','(051)342-3333','(051)342-3303','구산동 17-111','김해시','경상남도','621-060'),
(12,'혜성백화점㈜','박광준','영업 사원','(02)43-4486','(02)43-4481','강남구 대치동 315-11','서울특별시','','135-280'),
(13,'진주백화점㈜','홍성주','마케팅 1과장','(031)44-3687','(031)44-3467','남동구 간석 3동 270-8','인천광역시','','405-233'),
(14,'동남상사㈜','강태준','대표 이사','(02)134-5897','(02)134-5807','강남구 청담동 115','서울특별시','','135-100'),
(15,'대진상사㈜','천용만','영업 사원','(02)878-9174','(02)878-9274','노원구 공릉동 178','서울특별시','','139-240'),
(16,'ITM㈜','남궁익선','영업 사원','(031)489-9184','(031)489-9164','소하동 11-3','광명시','경기도','423-050'),
(17,'극동무역㈜','강민수','영업 과장','(02)978-1984','(02)978-1914','송파구 잠실동 220','서울특별시','','138-220'),
(18,'양정물산㈜','주진국','대표 이사','(02)444-2971','(02)444-2271','강동구 성내동 143','서울특별시','','134-030'),
(19,'성신교역㈜','성병재','영업 사원','(041)487-4971','(041)487-4971','무릉동 171-3','공주시','충청남도','314-130'),
(20,'신세계통상㈜','강세라','영업 과장','(031)21-9284','(031)21-9584','중구 도원동 507-16','인천광역시','','400-140'),
(21,'삼일㈜','손미순','마케팅 담당','(02)866-6667','(02)846-6667','마포구 공덕 1동 81','서울특별시','','121-021'),
(22,'세주상사㈜','유영주','경리 과장','(041)33-3433','(041)37-3433','동구 마산동 250-1','대전광역시','','300-340'),
(23,'한일상사㈜','강판석','영업 사원','(02)211-3421','(02)211-3421','양천구 신월 3동 67-18','서울특별시','','158-093'),
(24,'유미백화점㈜','최재경','대표 이사','(031)768-7688','(031)768-7678','중앙동 427-10','과천시','경기도','427-010'),
(25,'진흥㈜','성현아','마케팅 2과장','(02)123-0345','(02)127-0345','성북구 길음동 136-11','서울특별시','','136-110'),
(26,'미림백화점㈜','이혜준','마케팅 과장','(031)56-2091','(031)56-2091','수택동 435','구리시','경기도','471-030'),
(27,'한미교역㈜','정영순','영업 사원','(02)211-2221','(02)211-2225','동작구 대방동 36-8','서울특별시','','156-020'),
(28,'오성통상㈜','오민수','영업 1과장','(031)421-9238','(031)421-5238','갈현동 232-8','과천시','경기도','427-100'),
(29,'광성교역㈜','김혜린','마케팅 1과장','(02)892-4921','(02)892-7921','도봉구 방학 3동 18','서울특별시','','132-023');

/* Create the tables */
CREATE TABLE employee(
id int primary key auto_increment,
name varchar(10),
email varchar(30),
position varchar(10),
tel varchar(20),
address varchar(50),
city varchar(10),
region_id int);
/* Inserting data  */
INSERT INTO employee(id,name,email,position,tel,address,city,region_id) VALUES
(1,'김소미','nancy@northwindtraders.com','영업 사원','(02)583-5467','강남구 역삼동 36-8','서울특별시',1),
(2,'김덕훈','andrew@northwindtraders.com','영업 담당 부사장','(02)583-3457','원미동 16-11','부천시',1),
(3,'윤대현','jan@northwindtraders.com','영업 사원','(02)583-3355','광산구 송정동 100-11','광주광역시',3),
(4,'최소라','mariya@northwindtraders.com','영업 사원','(02)583-5176','중구 중앙동 57-14','부산광역시',4),
(5,'안정훈','steven@northwindtraders.com','영업 과장','(02)583-3453','남구 도화동 276-31','인천광역시',1),
(6,'김찬진','michael@northwindtraders.com','영업 사원','(02)583-0428','대덕구 이현동 577-1','대전광역시',2),
(7,'오영수','robert@northwindtraders.com','영업 사원','(02)583-0465','문화동 76-77','청주시',2),
(8,'선하라','laura@northwindtraders.com','코디네이터','(02)583-2344','덕진구 고랑동 116','전주시',3),
(9,'유가을','anne@northwindtraders.com','영업 사원','(02)583-0452','남구 대명동 19-7','대구광역시',4);

/* Create the tables */
CREATE TABLE supplier(
id int primary key auto_increment,
supplier_name varchar(20),
manager_name varchar(10),
position varchar(20)
);
/* Inserting data  */
INSERT INTO supplier(id, supplier_name, manager_name, position) VALUES 
(1,'태양식품㈜','박찬식','구매 1과장'),
(2,'신한식품㈜','김문식','수주 3과장'),
(3,'대양농산㈜','이영자','영업 사원'),
(4,'서울무역㈜','황철수','마케팅 1 과장'),
(5,'현진식품㈜','장선희','수출 1과장'),
(6,'유미식품㈜','배재호','마케팅 부장'),
(7,'대륙교역㈜','오동준','마케팅 2 과장'),
(8,'미미제과㈜','전영주','영업 사원'),
(9,'신성곡물㈜','한재규','영업 에이전트'),
(10,'삼화음료㈜','심영호','마케팅 1과장');

/* Create the tables */
CREATE TABLE product (
id int primary key auto_increment,
product_name varchar(30), 
supplier_id int, 
price int, 
category_id int);

/* Inserting data  */
INSERT INTO product(id, product_name, supplier_id, price, category_id) VALUES 
(1,'태양 100% 오렌지 주스',4,13500,1),
(2,'태양 체리 시럽',10,7500,2),
(3,'신한 100% 복숭아 시럽',10,16500,2),
(4,'신한 100% 파인애플 시럽',10,16013,2),
(5,'대양 특선 블루베리 잼',2,18750,2),
(6,'대양 특선 건과(배)',2,22500,3),
(7,'대양 특선 딸기 소스',8,30000,2),
(8,'유미 건조 다시마',2,17438,3),
(9,'앨리스 포장육',6,29250,4),
(10,'신한 초콜릿 소스',1,6900,5),
(11,'대양 마말레이드',2,60750,5),
(12,'대양 핫 케이크 소스',1,7500,5),
(13,'태일 라이트 맥주',4,10500,1),
(14,'보스톤산 게살 통조림',7,13800,6),
(15,'훈제 대합조개 통조림',6,7238,6),
(16,'콜롬비아산 원두커피',3,34500,1),
(17,'진미 트로피컬 캔디',10,9563,5),
(18,'유림 사과 통조림',2,39750,3),
(19,'필로 믹스',1,5250,7),
(20,'한성 옥수수 가루',1,28500,7),
(21,'한성 통밀가루',1,14625,7),
(22,'루이지애나 특산 후추',8,15788,2),
(23,'유미 멸치 가루',8,12750,2),
(24,'대관령 특제 버터',5,26100,8),
(25,'서울 구이 김',2,7500,3),
(26,'알파 샐러드 드레싱',10,9750,2),
(27,'대양 특선 건과(자두)',2,3000,3),
(28,'성보 야생 녹차',3,2000,1),
(29,'우리밀 오곡 시리얼',1,2000,9),
(30,'심농 포테이토칩',9,500,10),
(31,'스윕스 초코 케잌',1,9000,5),
(32,'명진 케잌 믹스',1,10500,5),
(33,'코비아 현미 녹차',7,2000,1),
(34,'설산 돼지고기 모음',6,1000,4),
(35,'경산 삼겹 포장육',6,1000,4),
(36,'경해 프리미엄 목살',6,1000,4),
(37,'대관령 한우 찜갈비',6,1000,4),
(38,'진산 훈제 소시지',6,1000,4),
(39,'진산 훈제 햄',6,1000,4),
(40,'안동 돼지 갈비',6,1000,4),
(41,'대양 특선 참치',7,500,6),
(42,'대양 특선 훈제 연어',7,2000,6),
(43,'우리밀 파워 시리얼',1,3000,9),
(44,'세창 자연산 바다장어',6,1000,6),
(45,'생생 참전복',6,1000, 6); 

/* Create the tables */
CREATE TABLE product_order(
id int primary key auto_increment,
supplier_id int,
employee_id int,
order_date date
);

/* Inserting data  */
INSERT INTO product_order(id,supplier_id,employee_id,order_date) VALUES
(1,1,2,'2023-1-14'),
(2,3,2,'2023-1-14'),
(3,2,2,'2023-1-14'),
(4,5,2,'2023-1-14'),
(5,6,2,'2023-1-14'),
(6,4,2,'2023-1-14'),
(7,1,5,'2023-1-14'),
(8,2,7,'2023-1-14'),
(9,2,4,'2023-1-14'),
(10,1,3,'2023-1-14'),
(11,2,9,'2023-1-14'),
(12,1,2,'2023-1-14'),
(13,1,1,'2023-3-24'),
(14,2,1,'2023-3-24'),
(15,2,1,'2023-3-24'),
(16,5,7,'2023-3-24'),
(17,6,7,'2023-3-24'),
(18,1,6,'2023-3-24'),
(19,2,4,'2023-3-24'),
(20,2,4,'2023-3-24'),
(21,1,3,'2023-3-24'),
(22,1,2,'2023-3-31'),
(23,6,4,'2023-4-25'),
(24,8,1,'2023-4-25'),
(25,8,7,'2023-4-25'),
(26,2,2,'2023-4-26'),
(27,7,2,'2023-4-26'),
(28,5,2,'2023-4-26');


/* Create the tables */
CREATE TABLE product_order_detail(
id int primary key auto_increment,
order_id int,
product_id int,
qty int,
receive_date date
);

/* Inserting data  */
INSERT INTO product_order_detail(id,order_id,product_id,qty,receive_date) VALUES
(1,1,1,40,'2023-1-22'),
(2,2,2,100,'2023-1-22'),
(3,2,3,40,'2023-1-22'),
(4,2,4,40,'2023-1-22'),
(5,3,5,100,'2023-1-22'),
(6,3,6,40,'2023-1-22'),
(7,3,7,40,'2023-1-22'),
(8,3,8,40,'2023-1-22'),
(9,3,9,40,'2023-1-22'),
(10,3,10,20,'2023-1-22'),
(11,3,11,40,'2023-1-22'),
(12,3,12,20,'2023-1-22'),
(13,1,13,60,'2023-1-22'),
(14,3,14,120,'2023-1-22'),
(15,3,15,40,'2023-1-22'),
(16,1,16,100,'2023-1-22'),
(17,3,17,100,'2023-1-22'),
(18,3,18,40,'2023-1-22'),
(19,4,19,100,'2023-1-22'),
(20,4,20,120,'2023-1-22'),
(21,4,21,80,'2023-1-22'),
(22,2,22,40,'2023-1-22'),
(23,2,23,80,'2023-1-22'),
(24,5,24,40,'2023-1-22'),
(25,3,25,20,'2023-1-22'),
(26,3,26,60,'2023-1-22'),
(27,6,27,75,'2023-1-22'),
(28,1,28,125,'2023-1-22'),
(29,7,13,100,'2023-1-22'),
(30,8,10,30,'2023-1-22'),
(31,9,15,200,'2023-1-22'),
(32,10,16,300,'2023-1-22'),
(33,11,17,100,'2023-1-22'),
(34,12,28,200,'2023-1-22'),
(35,13,16,300,'2023-1-23'),
(36,14,10,10,'2023-4-17'),
(37,15,15,50,'2023-4-6'),
(38,16,21,100,'2023-4-5'),
(39,17,24,50,'2023-4-5'),
(40,18,13,300,'2023-4-5'),
(41,19,7,25,'2023-4-5'),
(42,20,10,25,'2023-4-5'),
(43,21,16,250,'2023-4-10'),
(44,1,1,40,'2023-4-11'),
(45,3,10,20,'2023-4-12'),
(46,22,13,50,'2023-4-4'),
(47,2,2,50,'2023-4-5'),
(48,2,3,40,'2023-4-6'),
(49,23,31,10,'2023-4-7'),
(50,24,5,10,'2023-4-8'),
(51,25,1,1,'2023-4-8'),
(52,26,11,40,'2023-4-8'),
(53,26,18,40,'2023-4-9'),
(54,27,14,120,'2023-4-10'),
(55,28,24,40,'2023-4-11');

/* Create the tables */
CREATE TABLE sales_order(
order_id  int primary key auto_increment,
employee_id int,
customer_id int,
order_date date
);

/* Inserting data  */
INSERT INTO sales_order(order_id,employee_id,customer_id,order_date) VALUES
(1,9,27,'2023-1-15'),
(2,3,4,'2023-1-20'),
(3,4,12,'2023-1-22'),
(4,6,8,'2023-1-30'),
(5,9,4,'2023-2-6'),
(6,3,29,'2023-2-10'),
(7,4,3,'2023-2-23'),
(8,8,6,'2023-3-6'),
(9,9,28,'2023-3-10'),
(10,3,8,'2023-3-22'),
(11,4,10,'2023-3-24'),
(12,1,7,'2023-3-24'),
(13,1,10,'2023-3-24'),
(14,1,11,'2023-3-24'),
(15,1,1,'2023-3-24'),
(16,1,28,'2023-4-7'),
(17,7,9,'2023-4-5'),
(18,6,6,'2023-4-8'),
(19,4,8,'2023-4-5'),
(20,9,25,'2023-4-5'),
(21,9,26,'2023-4-5'),
(22,1,29,'2023-4-5'),
(23,2,6,'2023-4-3'),
(24,9,27,'2023-4-22'),
(25,3,4,'2023-4-22'),
(26,4,12,'2023-4-22'),
(27,6,8,'2023-4-30'),
(28,9,4,'2023-4-7'),
(29,3,29,'2023-4-12'),
(30,4,3,'2023-4-25'),
(31,8,6,'2023-5-9'),
(32,9,28,'2023-5-11'),
(33,3,8,'2023-5-24'),
(34,4,10,'2023-5-24'),
(35,1,7,'2023-5-24'),
(36,1,10,'2023-5-24'),
(37,1,11,'2023-5-24'),
(38,1,1,'2023-5-24'),
(39,1,28,'2023-6-7'),
(40,7,9,'2023-6-5'),
(41,6,6,'2023-6-8'),
(42,4,8,'2023-6-5'),
(43,9,25,'2023-6-5'),
(44,9,26,'2023-6-5'),
(45,1,29,'2023-6-5'),
(46,2,6,'2023-6-23'),
(47,2,4,'2023-4-25'),
(48,2,3,'2023-4-25');

/* Create the tables */
CREATE TABLE sales_order_detail(
id int primary key auto_increment,
order_id int,
product_id int,
qty int
);

/* Inserting data  */
INSERT INTO sales_order_detail(id,order_id,product_id,qty) VALUES
(1,1,13,100),
(2,1,27,30),
(3,2,6,10),
(4,2,18,10),
(5,2,27,10),
(6,3,1,15),
(7,3,16,20),
(8,4,10,30),
(9,5,10,20),
(10,6,17,10),
(11,7,15,200),
(12,8,7,17),
(13,9,16,300),
(14,10,17,100),
(15,11,28,200),
(16,12,16,300),
(17,13,5,10),
(18,13,3,10),
(19,13,10,10),
(20,14,27,20),
(21,14,28,50),
(22,15,1,25),
(23,15,16,5),
(24,15,28,25),
(25,16,15,50),
(26,16,14,50),
(27,17,21,100),
(28,17,24,50),
(29,18,13,300),
(30,19,7,25),
(31,19,10,25),
(32,20,12,20),
(33,21,4,25),
(34,21,15,30),
(35,21,14,30),
(37,22,13,87),
(36,23,17,10),
(54,25,11,40),
(55,25,19,40),
(51,27,24,40),
(52,30,2,50),
(53,30,7,3),
(50,34,25,20),
(49,36,27,15),
(48,37,7,20),
(47,38,14,40),
(46,39,16,5),
(45,40,15,10),
(44,41,17,40),
(43,42,17,40),
(42,43,3,30),
(41,44,5,90),
(40,45,9,40),
(38,46,6,30),
(39,46,18,30),
(56,47,20,10),
(57,48,28,5),
(58,48,20,1);
