<?xml version="1.0" encoding="utf-8"?>
<!DOCTYPE mapper PUBLIC "-//mybatis.org//DTD Mapper 3.0//EN"
        "http://mybatis.org/dtd/mybatis-3-mapper.dtd">

<mapper namespace="com.ex.myBatisBoard.mapper.BoardMapper">
    <select id="findAll" resultType="boardDto">
        SELECT id, boardTitle, boardWriter, boardHits, TO_CHAR(createdAt, 'yyyy-mm-dd') AS createdAt
                    , boardContents
        FROM board_table ORDER BY id DESC
    </select>

    <select id="findById" resultType="boardDto">
        SELECT id, boardTitle, boardWriter, boardHits, TO_CHAR(createdAt, 'yyyy-mm-dd') AS createdAt
        , boardContents, boardPass
        FROM board_table WHERE id = #{id}
    </select>

    <insert id="save" parameterType="boardDto">
        INSERT INTO board_table(boardTitle, boardWriter, boardPass, boardContents)
        VALUES(#{boardDto.boardTitle}, #{boardDto.boardWriter}, #{boardDto.boardPass}
                ,#{boardDto.boardContents})
    </insert>

    <update id="updateHits" parameterType="Long">
        UPDATE board_table SET boardHits = boardHits + 1 WHERE id = #{id}
    </update>

    <delete id="deleteById" parameterType="Long">
        DELETE FROM board_table WHERE id = #{id}
    </delete>

    <update id="updateBoard" parameterType="boardDto">
        UPDATE board_table
            SET boardTitle = #{boardDto.boardTitle},
                   boardContents = #{boardDto.boardContents}
        WHERE id = #{boardDto.id}
    </update>

    <select id="searchList" parameterType="String" resultType="boardDto">
        SELECT id, boardTitle, boardWriter, boardHits,
                    TO_CHAR(createdAt, 'yyyy-mm-dd') AS createdAt
                    , boardContents FROM board_table
        <choose>
            <when test="'title'.equals(category)">
                WHERE boardTitle LIKE CONCAT('%', #{keyword}, '%')
            </when>
            <when test="'name'.equals(category)">
                WHERE boardWriter LIKE CONCAT('%', #{keyword}, '%')
            </when>
            <otherwise>
                WHERE 1=1
            </otherwise>
        </choose>
        ORDER BY id DESC;
    </select>
</mapper>