<?xml version="1.0" encoding="utf-8"?>
<!DOCTYPE mapper PUBLIC "-//mybatis.org//DTD Mapper 3.0//EN"
        "http://mybatis.org/dtd/mybatis-3-mapper.dtd">

<mapper namespace="com.example.mybatisTest.mapper.BoardMapper">
    <insert id="save" parameterType="boardDto" useGeneratedKeys="true"
            keyProperty="id" >
        INSERT INTO board_table(boardtitle, boardwriter, boardpass, boardcontents, fileattached)
        values(#{boardDto.boardTitle}, #{boardDto.boardWriter},
                           #{boardDto.boardPass},#{boardDto.boardContents}, #{boardDto.fileAttached})
    </insert>
    <select id="findAll" resultType="boardDto">
        SELECT id, boardtitle, boardwriter, boardhits,
            TO_CHAR(createdat, 'yyyy-mm-dd') AS createdAt
        FROM board_table ORDER BY id DESC
    </select>
    <update id="updateHit" parameterType="Long">
        UPDATE board_table SET boardhits = boardhits + 1 WHERE id=#{id}
    </update>
    <select id="findById" resultType="boardDto">
        SELECT id, boardtitle, boardwriter, boardhits, boardpass, boardcontents,
        TO_CHAR(createdat, 'yyyy-mm-dd') AS createdAt, fileAttached
        FROM board_table WHERE id = #{id}
    </select>
    <delete id="deleteById" parameterType="Long">
        DELETE FROM board_table WHERE id=#{id}
    </delete>
    <update id="update">
        UPDATE board_table SET boardtitle = #{boardDto.boardTitle},
            boardcontents = #{boardDto.boardContents}
            WHERE id = #{boardDto.id}
    </update>
    <insert id="saveFile" parameterType="boardFile">
        INSERT INTO board_file_table (originalfilename, storedfilename, boardid)
        VALUES (#{boardFile.originalFileName},#{boardFile.storedFileName},
                #{boardFile.boardId})
    </insert>
    <select id="findFile" resultType="boardFile" parameterType="Long">
        SELECT *
        FROM board_file_table WHERE boardid = #{id}
    </select>
</mapper>