<?xml version="1.0" encoding="utf-8"?>
<!DOCTYPE mapper PUBLIC "-//mybatis.org//DTD Mapper 3.0//EN"
        "http://mybatis.org/dtd/mybatis-3-mapper.dtd">

<mapper namespace="com.example.mybatisTest.mapper.BoardMapper">
    <insert id="save" parameterType="boardDto">
        INSERT INTO board_table(boardtitle, boardwriter, boardpass, boardcontents)
        values(#{boardDto.boardTitle}, #{boardDto.boardWriter},
                           #{boardDto.boardPass},#{boardDto.boardContents})
    </insert>
    <select id="findAll" resultType="boardDto">
        SELECT id, boardtitle, boardwriter, boardhits,
            TO_CHAR(createdat, 'yyyy-mm-dd') AS createdAt
        FROM board_table ORDER BY id DESC
    </select>
    <update id="updateHit" parameterType="Long">
        UPDATE board_table SET boardhits = boardhits + 1 WHERE id=#{id}
    </update>
    <select id="findById" resultType="boardDto">
        SELECT id, boardtitle, boardwriter, boardhits, boardpass, boardcontents,
        TO_CHAR(createdat, 'yyyy-mm-dd') AS createdAt
        FROM board_table WHERE id = #{id}
    </select>
    <delete id="deleteById" parameterType="Long">
        DELETE FROM board_table WHERE id=#{id}
    </delete>
</mapper>